nombre,categoria,label,telefono,website,email,direccion,lat,lng,whatsapp_outreach,estado_directorio,notas,places_encontrado,telefono_places,website_places,horario,rating,total_reseñas
7-Eleven,tiendas,Tiendas & Artesanías,+52 81 8158 0711,,,,25.397077,-100.126832,https://wa.me/528181580711?text=Hola%2C%207-Eleven%21%20%F0%9F%91%8B%20Soy%20del%20Hotel%20El%20Encino%20de%20Santiago%2C%20N.L.%20Estamos%20creando%20un%20directorio%20tur%C3%ADstico%20gratuito%20para%20apoyar%20a%20los%20negocios%20locales%20del%20municipio.%20Me%20gustar%C3%ADa%20incluirlos%20con%20su%20informaci%C3%B3n%2C%20foto%20y%20ubicaci%C3%B3n%20en%20el%20mapa.%20%C2%BFLes%20interesa%3F%20%C2%A1Es%20completamente%20gratis%21%20%F0%9F%99%8F,pendiente,,si,+52 81 8158 0711,https://www.7-eleven.com.mx/,Monday: Open 24 hours | Tuesday: Open 24 hours | Wednesday: Open 24 hours,4.3,12
7-Eleven,tiendas,Tiendas & Artesanías,+52 81 8158 0711,,,,25.404905,-100.133441,https://wa.me/528181580711?text=Hola%2C%207-Eleven%21%20%F0%9F%91%8B%20Soy%20del%20Hotel%20El%20Encino%20de%20Santiago%2C%20N.L.%20Estamos%20creando%20un%20directorio%20tur%C3%ADstico%20gratuito%20para%20apoyar%20a%20los%20negocios%20locales%20del%20municipio.%20Me%20gustar%C3%ADa%20incluirlos%20con%20su%20informaci%C3%B3n%2C%20foto%20y%20ubicaci%C3%B3n%20en%20el%20mapa.%20%C2%BFLes%20interesa%3F%20%C2%A1Es%20completamente%20gratis%21%20%F0%9F%99%8F,pendiente,,si,+52 81 8158 0711,https://www.7-eleven.com.mx/,Monday: Open 24 hours | Tuesday: Open 24 hours | Wednesday: Open 24 hours,4.3,12
7-Eleven,tiendas,Tiendas & Artesanías,+52 81 8158 0711,,,,25.431833,-100.15248,https://wa.me/528181580711?text=Hola%2C%207-Eleven%21%20%F0%9F%91%8B%20Soy%20del%20Hotel%20El%20Encino%20de%20Santiago%2C%20N.L.%20Estamos%20creando%20un%20directorio%20tur%C3%ADstico%20gratuito%20para%20apoyar%20a%20los%20negocios%20locales%20del%20municipio.%20Me%20gustar%C3%ADa%20incluirlos%20con%20su%20informaci%C3%B3n%2C%20foto%20y%20ubicaci%C3%B3n%20en%20el%20mapa.%20%C2%BFLes%20interesa%3F%20%C2%A1Es%20completamente%20gratis%21%20%F0%9F%99%8F,pendiente,,si,+52 81 8158 0711,https://www.7-eleven.com.mx/,Monday: Open 24 hours | Tuesday: Open 24 hours | Wednesday: Open 24 hours,4.5,4
7-Eleven,tiendas,Tiendas & Artesanías,+52 81 8158 0711,,,,25.495121,-100.188797,https://wa.me/528181580711?text=Hola%2C%207-Eleven%21%20%F0%9F%91%8B%20Soy%20del%20Hotel%20El%20Encino%20de%20Santiago%2C%20N.L.%20Estamos%20creando%20un%20directorio%20tur%C3%ADstico%20gratuito%20para%20apoyar%20a%20los%20negocios%20locales%20del%20municipio.%20Me%20gustar%C3%ADa%20incluirlos%20con%20su%20informaci%C3%B3n%2C%20foto%20y%20ubicaci%C3%B3n%20en%20el%20mapa.%20%C2%BFLes%20interesa%3F%20%C2%A1Es%20completamente%20gratis%21%20%F0%9F%99%8F,pendiente,,si,+52 81 8158 0711,https://www.7-eleven.com.mx/,Monday: Open 24 hours | Tuesday: Open 24 hours | Wednesday: Open 24 hours,4,10
7-Eleven,tiendas,Tiendas & Artesanías,+52 81 8158 0711,,,,25.460321,-100.170304,https://wa.me/528181580711?text=Hola%2C%207-Eleven%21%20%F0%9F%91%8B%20Soy%20del%20Hotel%20El%20Encino%20de%20Santiago%2C%20N.L.%20Estamos%20creando%20un%20directorio%20tur%C3%ADstico%20gratuito%20para%20apoyar%20a%20los%20negocios%20locales%20del%20municipio.%20Me%20gustar%C3%ADa%20incluirlos%20con%20su%20informaci%C3%B3n%2C%20foto%20y%20ubicaci%C3%B3n%20en%20el%20mapa.%20%C2%BFLes%20interesa%3F%20%C2%A1Es%20completamente%20gratis%21%20%F0%9F%99%8F,pendiente,,si,+52 81 8158 0711,https://www.7-eleven.com.mx/,Monday: Open 24 hours | Tuesday: Open 24 hours | Wednesday: Open 24 hours,4,11
Abarrotes Adelaido,tiendas,Tiendas & Artesanías,+52 81 3281 9549,,,,25.474946,-100.193385,https://wa.me/528132819549?text=Hola%2C%20Abarrotes%20Adelaido%21%20%F0%9F%91%8B%20Soy%20del%20Hotel%20El%20Encino%20de%20Santiago%2C%20N.L.%20Estamos%20creando%20un%20directorio%20tur%C3%ADstico%20gratuito%20para%20apoyar%20a%20los%20negocios%20locales%20del%20municipio.%20Me%20gustar%C3%ADa%20incluirlos%20con%20su%20informaci%C3%B3n%2C%20foto%20y%20ubicaci%C3%B3n%20en%20el%20mapa.%20%C2%BFLes%20interesa%3F%20%C2%A1Es%20completamente%20gratis%21%20%F0%9F%99%8F,pendiente,,si,+52 81 3281 9549,https://lasaliadas.com.mx/,Monday: 12:30 PM – 12:00 AM | Tuesday: 12:30 PM – 12:00 AM | Wednesday: 12:30 PM – 12:00 AM,4.8,232
Abarrotes Cady,tiendas,Tiendas & Artesanías,+52 81 2924 9353,,,,25.472929,-100.188492,https://wa.me/528129249353?text=Hola%2C%20Abarrotes%20Cady%21%20%F0%9F%91%8B%20Soy%20del%20Hotel%20El%20Encino%20de%20Santiago%2C%20N.L.%20Estamos%20creando%20un%20directorio%20tur%C3%ADstico%20gratuito%20para%20apoyar%20a%20los%20negocios%20locales%20del%20municipio.%20Me%20gustar%C3%ADa%20incluirlos%20con%20su%20informaci%C3%B3n%2C%20foto%20y%20ubicaci%C3%B3n%20en%20el%20mapa.%20%C2%BFLes%20interesa%3F%20%C2%A1Es%20completamente%20gratis%21%20%F0%9F%99%8F,pendiente,,si,+52 81 2924 9353,,,5,1
Abarrotes California,tiendas,Tiendas & Artesanías,,,,,25.472808,-100.188203,,pendiente,,si,,,Monday: 6:30 AM – 10:00 PM | Tuesday: 6:30 AM – 10:00 PM | Wednesday: 6:30 AM – 10:00 PM,4.9,7
Abarrotes El Rayado,tiendas,Tiendas & Artesanías,,,,,25.472784,-100.195068,,pendiente,,si,,,Monday: 7:00 – 10:09 AM | Tuesday: 7:00 – 10:09 AM | Wednesday: 7:00 – 10:09 AM,,
Afirme,bancos,Bancos & ATMs,,,,,25.424061,-100.148635,,pendiente,,si,,https://www.afirme.com/,,3,2
Autozone Santiago,automotriz,Gasolineras & Mecánicos,+52 81 2285 5088,,,,25.424013,-100.148297,https://wa.me/528122855088?text=Hola%2C%20Autozone%20Santiago%21%20%F0%9F%91%8B%20Soy%20del%20Hotel%20El%20Encino%20de%20Santiago%2C%20N.L.%20Estamos%20creando%20un%20directorio%20tur%C3%ADstico%20gratuito%20para%20apoyar%20a%20los%20negocios%20locales%20del%20municipio.%20Me%20gustar%C3%ADa%20incluirlos%20con%20su%20informaci%C3%B3n%2C%20foto%20y%20ubicaci%C3%B3n%20en%20el%20mapa.%20%C2%BFLes%20interesa%3F%20%C2%A1Es%20completamente%20gratis%21%20%F0%9F%99%8F,pendiente,,si,+52 81 2285 5088,https://www.autozone.com.mx/ubicaciones/nuevo-le%C3%B3n/monterrey/carretera-nacional-209-col-centro.html?cmpid=LOC:MX:ES:AZ:NL:1000000:GEN:7517,Monday: 7:30 AM – 9:30 PM | Tuesday: 7:30 AM – 9:30 PM | Wednesday: 7:30 AM – 9:30 PM,4.6,369
Banamex,bancos,Bancos & ATMs,+52 55 1226 2639,,,,25.403728,-100.133476,https://wa.me/525512262639?text=Hola%2C%20Banamex%21%20%F0%9F%91%8B%20Soy%20del%20Hotel%20El%20Encino%20de%20Santiago%2C%20N.L.%20Estamos%20creando%20un%20directorio%20tur%C3%ADstico%20gratuito%20para%20apoyar%20a%20los%20negocios%20locales%20del%20municipio.%20Me%20gustar%C3%ADa%20incluirlos%20con%20su%20informaci%C3%B3n%2C%20foto%20y%20ubicaci%C3%B3n%20en%20el%20mapa.%20%C2%BFLes%20interesa%3F%20%C2%A1Es%20completamente%20gratis%21%20%F0%9F%99%8F,pendiente,,si,+52 55 1226 2639,https://www.banamex.com/?ecid=PU-GMB-D-MX-GN-P-ES-CT-GMBORGANICO-PBS_312-DG-ZZ-DP-GOOGLEMYBUSINESS_HOME&empresa=312&pos=75234,Monday: 9:00 AM – 4:00 PM | Tuesday: 9:00 AM – 4:00 PM | Wednesday: 9:00 AM – 4:00 PM,3,2
Bancomer,bancos,Bancos & ATMs,+52 55 5226 2663,,,,25.405044,-100.133502,https://wa.me/525552262663?text=Hola%2C%20Bancomer%21%20%F0%9F%91%8B%20Soy%20del%20Hotel%20El%20Encino%20de%20Santiago%2C%20N.L.%20Estamos%20creando%20un%20directorio%20tur%C3%ADstico%20gratuito%20para%20apoyar%20a%20los%20negocios%20locales%20del%20municipio.%20Me%20gustar%C3%ADa%20incluirlos%20con%20su%20informaci%C3%B3n%2C%20foto%20y%20ubicaci%C3%B3n%20en%20el%20mapa.%20%C2%BFLes%20interesa%3F%20%C2%A1Es%20completamente%20gratis%21%20%F0%9F%99%8F,pendiente,,si,+52 55 5226 2663,https://www.bbva.mx/,Monday: 8:30 AM – 4:00 PM | Tuesday: 8:30 AM – 4:00 PM | Wednesday: 8:30 AM – 4:00 PM,3.2,12
Banorte,bancos,Bancos & ATMs,+52 81 2285 4024,,,,25.401834,-100.132509,https://wa.me/528122854024?text=Hola%2C%20Banorte%21%20%F0%9F%91%8B%20Soy%20del%20Hotel%20El%20Encino%20de%20Santiago%2C%20N.L.%20Estamos%20creando%20un%20directorio%20tur%C3%ADstico%20gratuito%20para%20apoyar%20a%20los%20negocios%20locales%20del%20municipio.%20Me%20gustar%C3%ADa%20incluirlos%20con%20su%20informaci%C3%B3n%2C%20foto%20y%20ubicaci%C3%B3n%20en%20el%20mapa.%20%C2%BFLes%20interesa%3F%20%C2%A1Es%20completamente%20gratis%21%20%F0%9F%99%8F,pendiente,,si,+52 81 2285 4024,https://www.banorte.com/banortemovil/,Monday: 9:00 AM – 4:00 PM | Tuesday: 9:00 AM – 4:00 PM | Wednesday: 9:00 AM – 4:00 PM,2.6,9
Benavides,farmacia,Farmacias,+52 81 8126 0000,,,,25.425244,-100.148821,https://wa.me/528181260000?text=Hola%2C%20Benavides%21%20%F0%9F%91%8B%20Soy%20del%20Hotel%20El%20Encino%20de%20Santiago%2C%20N.L.%20Estamos%20creando%20un%20directorio%20tur%C3%ADstico%20gratuito%20para%20apoyar%20a%20los%20negocios%20locales%20del%20municipio.%20Me%20gustar%C3%ADa%20incluirlos%20con%20su%20informaci%C3%B3n%2C%20foto%20y%20ubicaci%C3%B3n%20en%20el%20mapa.%20%C2%BFLes%20interesa%3F%20%C2%A1Es%20completamente%20gratis%21%20%F0%9F%99%8F,pendiente,,si,+52 81 8126 0000,https://www.benavides.com.mx/,Monday: 7:00 AM – 11:00 PM | Tuesday: 7:00 AM – 11:00 PM | Wednesday: 7:00 AM – 11:00 PM,3,2
C.S.R. El Barrial,salud,Médicos & Salud,,,,,25.476824,-100.185467,,pendiente,,si,,http://www.saludnl.gob.mx/drupal/centro-de-salud-el-barrial,Monday: 8:00 AM – 3:30 PM | Tuesday: 8:00 AM – 3:30 PM | Wednesday: 8:00 AM – 3:30 PM,1,1
Carpinteria Gustavo,tiendas,Tiendas & Artesanías,+52 81 1629 2140,,,,25.460505,-100.169628,https://wa.me/528116292140?text=Hola%2C%20Carpinteria%20Gustavo%21%20%F0%9F%91%8B%20Soy%20del%20Hotel%20El%20Encino%20de%20Santiago%2C%20N.L.%20Estamos%20creando%20un%20directorio%20tur%C3%ADstico%20gratuito%20para%20apoyar%20a%20los%20negocios%20locales%20del%20municipio.%20Me%20gustar%C3%ADa%20incluirlos%20con%20su%20informaci%C3%B3n%2C%20foto%20y%20ubicaci%C3%B3n%20en%20el%20mapa.%20%C2%BFLes%20interesa%3F%20%C2%A1Es%20completamente%20gratis%21%20%F0%9F%99%8F,pendiente,,si,+52 81 1629 2140,https://carpinteria-dominguez.ueniweb.com/?utm_campaign=gmb,,2,9
Carpinteria JL,tiendas,Tiendas & Artesanías,+52 81 1629 2140,,,,25.448239,-100.160509,https://wa.me/528116292140?text=Hola%2C%20Carpinteria%20JL%21%20%F0%9F%91%8B%20Soy%20del%20Hotel%20El%20Encino%20de%20Santiago%2C%20N.L.%20Estamos%20creando%20un%20directorio%20tur%C3%ADstico%20gratuito%20para%20apoyar%20a%20los%20negocios%20locales%20del%20municipio.%20Me%20gustar%C3%ADa%20incluirlos%20con%20su%20informaci%C3%B3n%2C%20foto%20y%20ubicaci%C3%B3n%20en%20el%20mapa.%20%C2%BFLes%20interesa%3F%20%C2%A1Es%20completamente%20gratis%21%20%F0%9F%99%8F,pendiente,,si,+52 81 1629 2140,https://carpinteria-dominguez.ueniweb.com/?utm_campaign=gmb,,2,9
Casa de la Cultura y Museo Santiago,cultura,Historia & Cultura,+52 81 2285 0060,,,,25.424049,-100.152043,https://wa.me/528122850060?text=Hola%2C%20Casa%20de%20la%20Cultura%20y%20Museo%20Santiago%21%20%F0%9F%91%8B%20Soy%20del%20Hotel%20El%20Encino%20de%20Santiago%2C%20N.L.%20Estamos%20creando%20un%20directorio%20tur%C3%ADstico%20gratuito%20para%20apoyar%20a%20los%20negocios%20locales%20del%20municipio.%20Me%20gustar%C3%ADa%20incluirlos%20con%20su%20informaci%C3%B3n%2C%20foto%20y%20ubicaci%C3%B3n%20en%20el%20mapa.%20%C2%BFLes%20interesa%3F%20%C2%A1Es%20completamente%20gratis%21%20%F0%9F%99%8F,pendiente,,si,+52 81 2285 0060,,,4.6,105
Cascada El Salto,cultura,Historia & Cultura,,,,,25.390945,-100.240028,,pendiente,,si,,,Monday: Open 24 hours | Tuesday: Open 24 hours | Wednesday: Open 24 hours,4.7,257
Centro de Salud El Cercado,salud,Médicos & Salud,+52 81 2285 3399,,,Calzada del Obrero Textil,25.404395,-100.139653,https://wa.me/528122853399?text=Hola%2C%20Centro%20de%20Salud%20El%20Cercado%21%20%F0%9F%91%8B%20Soy%20del%20Hotel%20El%20Encino%20de%20Santiago%2C%20N.L.%20Estamos%20creando%20un%20directorio%20tur%C3%ADstico%20gratuito%20para%20apoyar%20a%20los%20negocios%20locales%20del%20municipio.%20Me%20gustar%C3%ADa%20incluirlos%20con%20su%20informaci%C3%B3n%2C%20foto%20y%20ubicaci%C3%B3n%20en%20el%20mapa.%20%C2%BFLes%20interesa%3F%20%C2%A1Es%20completamente%20gratis%21%20%F0%9F%99%8F,pendiente,,si,+52 81 2285 3399,,Monday: 8:00 AM – 3:30 PM | Tuesday: 8:00 AM – 3:30 PM | Wednesday: 8:00 AM – 3:30 PM,5,1
Centro de salud San Francisco,salud,Médicos & Salud,+52 81 2285 1139,,,Calle Galeana 152,25.417594,-100.162267,https://wa.me/528122851139?text=Hola%2C%20Centro%20de%20salud%20San%20Francisco%21%20%F0%9F%91%8B%20Soy%20del%20Hotel%20El%20Encino%20de%20Santiago%2C%20N.L.%20Estamos%20creando%20un%20directorio%20tur%C3%ADstico%20gratuito%20para%20apoyar%20a%20los%20negocios%20locales%20del%20municipio.%20Me%20gustar%C3%ADa%20incluirlos%20con%20su%20informaci%C3%B3n%2C%20foto%20y%20ubicaci%C3%B3n%20en%20el%20mapa.%20%C2%BFLes%20interesa%3F%20%C2%A1Es%20completamente%20gratis%21%20%F0%9F%99%8F,pendiente,,si,+52 81 2285 1139,,Monday: 8:30 AM – 3:30 PM | Tuesday: 8:30 AM – 3:30 PM | Wednesday: 8:30 AM – 3:30 PM,2.3,3
Clinica Shock Trauma Santiago,salud,Médicos & Salud,+52 81 8361 0058,,,,25.369972,-100.104219,https://wa.me/528183610058?text=Hola%2C%20Clinica%20Shock%20Trauma%20Santiago%21%20%F0%9F%91%8B%20Soy%20del%20Hotel%20El%20Encino%20de%20Santiago%2C%20N.L.%20Estamos%20creando%20un%20directorio%20tur%C3%ADstico%20gratuito%20para%20apoyar%20a%20los%20negocios%20locales%20del%20municipio.%20Me%20gustar%C3%ADa%20incluirlos%20con%20su%20informaci%C3%B3n%2C%20foto%20y%20ubicaci%C3%B3n%20en%20el%20mapa.%20%C2%BFLes%20interesa%3F%20%C2%A1Es%20completamente%20gratis%21%20%F0%9F%99%8F,pendiente,,si,+52 81 8361 0058,https://coronavirus.gob.mx/contacto/,,3.1,8
Comercial Treviño,tiendas,Tiendas & Artesanías,,,,,25.441599,-100.156039,,pendiente,,si,,http://comercialtrevino.com/,Monday: 7:00 AM – 8:00 PM | Tuesday: 7:00 AM – 8:00 PM | Wednesday: 7:00 AM – 8:00 PM,4.4,298
Distribuidora Almaguer,automotriz,Gasolineras & Mecánicos,+52 81 2285 0997,,,,25.387305,-100.116644,https://wa.me/528122850997?text=Hola%2C%20Distribuidora%20Almaguer%21%20%F0%9F%91%8B%20Soy%20del%20Hotel%20El%20Encino%20de%20Santiago%2C%20N.L.%20Estamos%20creando%20un%20directorio%20tur%C3%ADstico%20gratuito%20para%20apoyar%20a%20los%20negocios%20locales%20del%20municipio.%20Me%20gustar%C3%ADa%20incluirlos%20con%20su%20informaci%C3%B3n%2C%20foto%20y%20ubicaci%C3%B3n%20en%20el%20mapa.%20%C2%BFLes%20interesa%3F%20%C2%A1Es%20completamente%20gratis%21%20%F0%9F%99%8F,pendiente,,si,+52 81 2285 0997,https://www.materialesalmaguer.com/sucursales/,Monday: 8:00 AM – 6:00 PM | Tuesday: 8:00 AM – 6:00 PM | Wednesday: 8:00 AM – 6:00 PM,4.9,20
Distribuidora Almaguer,automotriz,Gasolineras & Mecánicos,+52 81 2285 0997,,,,25.387406,-100.116427,https://wa.me/528122850997?text=Hola%2C%20Distribuidora%20Almaguer%21%20%F0%9F%91%8B%20Soy%20del%20Hotel%20El%20Encino%20de%20Santiago%2C%20N.L.%20Estamos%20creando%20un%20directorio%20tur%C3%ADstico%20gratuito%20para%20apoyar%20a%20los%20negocios%20locales%20del%20municipio.%20Me%20gustar%C3%ADa%20incluirlos%20con%20su%20informaci%C3%B3n%2C%20foto%20y%20ubicaci%C3%B3n%20en%20el%20mapa.%20%C2%BFLes%20interesa%3F%20%C2%A1Es%20completamente%20gratis%21%20%F0%9F%99%8F,pendiente,,si,+52 81 2285 0997,https://www.materialesalmaguer.com/sucursales/,Monday: 8:00 AM – 6:00 PM | Tuesday: 8:00 AM – 6:00 PM | Wednesday: 8:00 AM – 6:00 PM,4.9,20
Don Despensa,tiendas,Tiendas & Artesanías,,,,,25.404975,-100.134884,,pendiente,,si,,,Monday: 7:00 AM – 10:00 PM | Tuesday: 7:00 AM – 10:00 PM | Wednesday: 7:00 AM – 10:00 PM,3.9,283
El Charro,restaurantes,Restaurantes,+52 81 2285 0957,,,,25.377498,-100.111529,https://wa.me/528122850957?text=Hola%2C%20El%20Charro%21%20%F0%9F%91%8B%20Soy%20del%20Hotel%20El%20Encino%20de%20Santiago%2C%20N.L.%20Estamos%20creando%20un%20directorio%20tur%C3%ADstico%20gratuito%20para%20apoyar%20a%20los%20negocios%20locales%20del%20municipio.%20Me%20gustar%C3%ADa%20incluirlos%20con%20su%20informaci%C3%B3n%2C%20foto%20y%20ubicaci%C3%B3n%20en%20el%20mapa.%20%C2%BFLes%20interesa%3F%20%C2%A1Es%20completamente%20gratis%21%20%F0%9F%99%8F,pendiente,,si,+52 81 2285 0957,,Monday: 7:00 AM – 9:30 PM | Tuesday: 7:00 AM – 9:30 PM | Wednesday: 7:00 AM – 9:30 PM,4.4,3032
El Chiquilin,tiendas,Tiendas & Artesanías,+52 81 2285 1834,,,,25.404145,-100.134995,https://wa.me/528122851834?text=Hola%2C%20El%20Chiquilin%21%20%F0%9F%91%8B%20Soy%20del%20Hotel%20El%20Encino%20de%20Santiago%2C%20N.L.%20Estamos%20creando%20un%20directorio%20tur%C3%ADstico%20gratuito%20para%20apoyar%20a%20los%20negocios%20locales%20del%20municipio.%20Me%20gustar%C3%ADa%20incluirlos%20con%20su%20informaci%C3%B3n%2C%20foto%20y%20ubicaci%C3%B3n%20en%20el%20mapa.%20%C2%BFLes%20interesa%3F%20%C2%A1Es%20completamente%20gratis%21%20%F0%9F%99%8F,pendiente,,si,+52 81 2285 1834,,Monday: 7:00 AM – 10:00 PM | Tuesday: 7:00 AM – 10:00 PM | Wednesday: 7:00 AM – 10:00 PM,4.4,562
El Mercadito,tiendas,Tiendas & Artesanías,,,,Eduardo W. Pineda,25.40208,-100.128055,,pendiente,,si,,,Monday: Closed | Tuesday: 8:00 AM – 2:00 PM | Wednesday: Closed,,
El Pollo Loco Santiago,restaurantes,Restaurantes,+52 800 999 5626,,,Carretera Nacional 209,25.424073,-100.148016,https://wa.me/528009995626?text=Hola%2C%20El%20Pollo%20Loco%20Santiago%21%20%F0%9F%91%8B%20Soy%20del%20Hotel%20El%20Encino%20de%20Santiago%2C%20N.L.%20Estamos%20creando%20un%20directorio%20tur%C3%ADstico%20gratuito%20para%20apoyar%20a%20los%20negocios%20locales%20del%20municipio.%20Me%20gustar%C3%ADa%20incluirlos%20con%20su%20informaci%C3%B3n%2C%20foto%20y%20ubicaci%C3%B3n%20en%20el%20mapa.%20%C2%BFLes%20interesa%3F%20%C2%A1Es%20completamente%20gratis%21%20%F0%9F%99%8F,pendiente,,si,+52 800 999 5626,http://www.elpolloloco.com.mx/,Monday: 10:00 AM – 8:00 PM | Tuesday: 10:00 AM – 8:00 PM | Wednesday: 10:00 AM – 8:00 PM,4.2,1262
Elotes Miguel,restaurantes,Restaurantes,,,,Calle Huajuquito 250,25.443931,-100.160976,,pendiente,,si,,https://www.facebook.com/profile.php?id=100063632523894,Monday: Closed | Tuesday: Closed | Wednesday: Closed,4.8,46
Estetica Marcela,belleza,Salones & Estéticas,,,,,25.47509,-100.189554,,pendiente,,si,,,,,
Farmacia Gudalajara,farmacia,Farmacias,+52 81 2450 2446,,,,25.36397,-100.102834,https://wa.me/528124502446?text=Hola%2C%20Farmacia%20Gudalajara%21%20%F0%9F%91%8B%20Soy%20del%20Hotel%20El%20Encino%20de%20Santiago%2C%20N.L.%20Estamos%20creando%20un%20directorio%20tur%C3%ADstico%20gratuito%20para%20apoyar%20a%20los%20negocios%20locales%20del%20municipio.%20Me%20gustar%C3%ADa%20incluirlos%20con%20su%20informaci%C3%B3n%2C%20foto%20y%20ubicaci%C3%B3n%20en%20el%20mapa.%20%C2%BFLes%20interesa%3F%20%C2%A1Es%20completamente%20gratis%21%20%F0%9F%99%8F,pendiente,,si,+52 81 2450 2446,https://www.farmaciasguadalajara.com.mx/,Monday: Open 24 hours | Tuesday: Open 24 hours | Wednesday: Open 24 hours,4.2,26
Farmacias Benavides,farmacia,Farmacias,+52 81 8126 0000,,,,25.405172,-100.134592,https://wa.me/528181260000?text=Hola%2C%20Farmacias%20Benavides%21%20%F0%9F%91%8B%20Soy%20del%20Hotel%20El%20Encino%20de%20Santiago%2C%20N.L.%20Estamos%20creando%20un%20directorio%20tur%C3%ADstico%20gratuito%20para%20apoyar%20a%20los%20negocios%20locales%20del%20municipio.%20Me%20gustar%C3%ADa%20incluirlos%20con%20su%20informaci%C3%B3n%2C%20foto%20y%20ubicaci%C3%B3n%20en%20el%20mapa.%20%C2%BFLes%20interesa%3F%20%C2%A1Es%20completamente%20gratis%21%20%F0%9F%99%8F,pendiente,,si,+52 81 8126 0000,https://www.benavides.com.mx/,Monday: 7:00 AM – 11:00 PM | Tuesday: 7:00 AM – 11:00 PM | Wednesday: 7:00 AM – 11:00 PM,4,17
Ferreteria El Cercado,servicios,Servicios & Delivery,+52 81 2285 4040,,,,25.401764,-100.133383,https://wa.me/528122854040?text=Hola%2C%20Ferreteria%20El%20Cercado%21%20%F0%9F%91%8B%20Soy%20del%20Hotel%20El%20Encino%20de%20Santiago%2C%20N.L.%20Estamos%20creando%20un%20directorio%20tur%C3%ADstico%20gratuito%20para%20apoyar%20a%20los%20negocios%20locales%20del%20municipio.%20Me%20gustar%C3%ADa%20incluirlos%20con%20su%20informaci%C3%B3n%2C%20foto%20y%20ubicaci%C3%B3n%20en%20el%20mapa.%20%C2%BFLes%20interesa%3F%20%C2%A1Es%20completamente%20gratis%21%20%F0%9F%99%8F,pendiente,,si,+52 81 2285 4040,https://www.facebook.com/ferreteriaelcercado,Monday: 8:00 AM – 7:00 PM | Tuesday: 8:00 AM – 7:00 PM | Wednesday: 8:00 AM – 7:00 PM,4.6,460
Ferretería El Negrito,servicios,Servicios & Delivery,+528122139048,,ferreteriaelnegrito@eninfinitum.com,Allende 104,25.47334,-100.192321,https://wa.me/528122139048?text=Hola%2C%20Ferreter%C3%ADa%20El%20Negrito%21%20%F0%9F%91%8B%20Soy%20del%20Hotel%20El%20Encino%20de%20Santiago%2C%20N.L.%20Estamos%20creando%20un%20directorio%20tur%C3%ADstico%20gratuito%20para%20apoyar%20a%20los%20negocios%20locales%20del%20municipio.%20Me%20gustar%C3%ADa%20incluirlos%20con%20su%20informaci%C3%B3n%2C%20foto%20y%20ubicaci%C3%B3n%20en%20el%20mapa.%20%C2%BFLes%20interesa%3F%20%C2%A1Es%20completamente%20gratis%21%20%F0%9F%99%8F,pendiente,,si,+52 81 2213 9048,http://www.facebook.com/ferreteriaelnegrito,Monday: 9:00 AM – 6:00 PM | Tuesday: 9:00 AM – 6:00 PM | Wednesday: 9:00 AM – 6:00 PM,4.5,14
Gorditas Doña Tota,restaurantes,Restaurantes,,,,Carretera Nacional,25.492611,-100.186757,,pendiente,,si,,,,2.6,5
Hanuman,cafes,Cafés & Panaderías,+52 614 227 5896,,,,25.378348,-100.236825,https://wa.me/526142275896?text=Hola%2C%20Hanuman%21%20%F0%9F%91%8B%20Soy%20del%20Hotel%20El%20Encino%20de%20Santiago%2C%20N.L.%20Estamos%20creando%20un%20directorio%20tur%C3%ADstico%20gratuito%20para%20apoyar%20a%20los%20negocios%20locales%20del%20municipio.%20Me%20gustar%C3%ADa%20incluirlos%20con%20su%20informaci%C3%B3n%2C%20foto%20y%20ubicaci%C3%B3n%20en%20el%20mapa.%20%C2%BFLes%20interesa%3F%20%C2%A1Es%20completamente%20gratis%21%20%F0%9F%99%8F,pendiente,,si,+52 614 227 5896,,Monday: 8:00 AM – 7:00 PM | Tuesday: 8:00 AM – 7:00 PM | Wednesday: 8:00 AM – 7:00 PM,4.7,279
Hotel Hacienda Cola de Caballo,hospedaje,Hospedaje,+52 81 2285 0660,,,Carretera A La Cola De Caballo,25.36898,-100.160246,https://wa.me/528122850660?text=Hola%2C%20Hotel%20Hacienda%20Cola%20de%20Caballo%21%20%F0%9F%91%8B%20Soy%20del%20Hotel%20El%20Encino%20de%20Santiago%2C%20N.L.%20Estamos%20creando%20un%20directorio%20tur%C3%ADstico%20gratuito%20para%20apoyar%20a%20los%20negocios%20locales%20del%20municipio.%20Me%20gustar%C3%ADa%20incluirlos%20con%20su%20informaci%C3%B3n%2C%20foto%20y%20ubicaci%C3%B3n%20en%20el%20mapa.%20%C2%BFLes%20interesa%3F%20%C2%A1Es%20completamente%20gratis%21%20%F0%9F%99%8F,pendiente,,si,+52 81 2285 0660,http://www.hotelhaciendacoladecaballo.com/,,4.2,2864
Huajito,restaurantes,Restaurantes,+52 81 3124 5378,,,,25.453373,-100.164625,https://wa.me/528131245378?text=Hola%2C%20Huajito%21%20%F0%9F%91%8B%20Soy%20del%20Hotel%20El%20Encino%20de%20Santiago%2C%20N.L.%20Estamos%20creando%20un%20directorio%20tur%C3%ADstico%20gratuito%20para%20apoyar%20a%20los%20negocios%20locales%20del%20municipio.%20Me%20gustar%C3%ADa%20incluirlos%20con%20su%20informaci%C3%B3n%2C%20foto%20y%20ubicaci%C3%B3n%20en%20el%20mapa.%20%C2%BFLes%20interesa%3F%20%C2%A1Es%20completamente%20gratis%21%20%F0%9F%99%8F,pendiente,,si,+52 81 3124 5378,,Monday: Closed | Tuesday: Closed | Wednesday: Closed,5,4
IMSS,salud,Médicos & Salud,+52 81 2285 2426,,,,25.407526,-100.134594,https://wa.me/528122852426?text=Hola%2C%20IMSS%21%20%F0%9F%91%8B%20Soy%20del%20Hotel%20El%20Encino%20de%20Santiago%2C%20N.L.%20Estamos%20creando%20un%20directorio%20tur%C3%ADstico%20gratuito%20para%20apoyar%20a%20los%20negocios%20locales%20del%20municipio.%20Me%20gustar%C3%ADa%20incluirlos%20con%20su%20informaci%C3%B3n%2C%20foto%20y%20ubicaci%C3%B3n%20en%20el%20mapa.%20%C2%BFLes%20interesa%3F%20%C2%A1Es%20completamente%20gratis%21%20%F0%9F%99%8F,pendiente,,si,+52 81 2285 2426,,Monday: Open 24 hours | Tuesday: Open 24 hours | Wednesday: Open 24 hours,2.8,19
La Carita,restaurantes,Restaurantes,+52 81 1789 9785,,,,25.424792,-100.151193,https://wa.me/528117899785?text=Hola%2C%20La%20Carita%21%20%F0%9F%91%8B%20Soy%20del%20Hotel%20El%20Encino%20de%20Santiago%2C%20N.L.%20Estamos%20creando%20un%20directorio%20tur%C3%ADstico%20gratuito%20para%20apoyar%20a%20los%20negocios%20locales%20del%20municipio.%20Me%20gustar%C3%ADa%20incluirlos%20con%20su%20informaci%C3%B3n%2C%20foto%20y%20ubicaci%C3%B3n%20en%20el%20mapa.%20%C2%BFLes%20interesa%3F%20%C2%A1Es%20completamente%20gratis%21%20%F0%9F%99%8F,pendiente,,si,+52 81 1789 9785,,Monday: Open 24 hours | Tuesday: Open 24 hours | Wednesday: Open 24 hours,,
La Prueba,restaurantes,Restaurantes,+52 81 8266 1833,,,,25.475244,-100.190807,https://wa.me/528182661833?text=Hola%2C%20La%20Prueba%21%20%F0%9F%91%8B%20Soy%20del%20Hotel%20El%20Encino%20de%20Santiago%2C%20N.L.%20Estamos%20creando%20un%20directorio%20tur%C3%ADstico%20gratuito%20para%20apoyar%20a%20los%20negocios%20locales%20del%20municipio.%20Me%20gustar%C3%ADa%20incluirlos%20con%20su%20informaci%C3%B3n%2C%20foto%20y%20ubicaci%C3%B3n%20en%20el%20mapa.%20%C2%BFLes%20interesa%3F%20%C2%A1Es%20completamente%20gratis%21%20%F0%9F%99%8F,pendiente,,si,+52 81 8266 1833,,Monday: 6:00 PM – 12:00 AM | Tuesday: Closed | Wednesday: 6:00 PM – 12:00 AM,4.6,99
Las Palomas,restaurantes,Restaurantes,+52 81 2285 4331,https://www.laspalomasdesantiago.com/,,,25.42457,-100.15142,https://wa.me/528122854331?text=Hola%2C%20Las%20Palomas%21%20%F0%9F%91%8B%20Soy%20del%20Hotel%20El%20Encino%20de%20Santiago%2C%20N.L.%20Estamos%20creando%20un%20directorio%20tur%C3%ADstico%20gratuito%20para%20apoyar%20a%20los%20negocios%20locales%20del%20municipio.%20Me%20gustar%C3%ADa%20incluirlos%20con%20su%20informaci%C3%B3n%2C%20foto%20y%20ubicaci%C3%B3n%20en%20el%20mapa.%20%C2%BFLes%20interesa%3F%20%C2%A1Es%20completamente%20gratis%21%20%F0%9F%99%8F,pendiente,,si,+52 81 2285 4331,http://www.laspalomasdesantiago.com/,Monday: 8:00 AM – 10:00 PM | Tuesday: 8:00 AM – 10:00 PM | Wednesday: 8:00 AM – 10:00 PM,4.6,4501
Little Caesars,restaurantes,Restaurantes,+52 81 2270 3394,,,,25.425162,-100.148645,https://wa.me/528122703394?text=Hola%2C%20Little%20Caesars%21%20%F0%9F%91%8B%20Soy%20del%20Hotel%20El%20Encino%20de%20Santiago%2C%20N.L.%20Estamos%20creando%20un%20directorio%20tur%C3%ADstico%20gratuito%20para%20apoyar%20a%20los%20negocios%20locales%20del%20municipio.%20Me%20gustar%C3%ADa%20incluirlos%20con%20su%20informaci%C3%B3n%2C%20foto%20y%20ubicaci%C3%B3n%20en%20el%20mapa.%20%C2%BFLes%20interesa%3F%20%C2%A1Es%20completamente%20gratis%21%20%F0%9F%99%8F,pendiente,,si,+52 81 2270 3394,https://littlecaesars.com/en-us/,Monday: 10:00 AM – 10:00 PM | Tuesday: 10:00 AM – 10:00 PM | Wednesday: 10:00 AM – 10:00 PM,4.1,728
Los Arcos,restaurantes,Restaurantes,+52 81 1323 0941,,,,25.451369,-100.161739,https://wa.me/528113230941?text=Hola%2C%20Los%20Arcos%21%20%F0%9F%91%8B%20Soy%20del%20Hotel%20El%20Encino%20de%20Santiago%2C%20N.L.%20Estamos%20creando%20un%20directorio%20tur%C3%ADstico%20gratuito%20para%20apoyar%20a%20los%20negocios%20locales%20del%20municipio.%20Me%20gustar%C3%ADa%20incluirlos%20con%20su%20informaci%C3%B3n%2C%20foto%20y%20ubicaci%C3%B3n%20en%20el%20mapa.%20%C2%BFLes%20interesa%3F%20%C2%A1Es%20completamente%20gratis%21%20%F0%9F%99%8F,pendiente,,si,+52 81 1323 0941,,Monday: Closed | Tuesday: Closed | Wednesday: Closed,4.3,197
Los Chamacos,servicios,Servicios & Delivery,+52 81 8266 2514,,,,25.495248,-100.18792,https://wa.me/528182662514?text=Hola%2C%20Los%20Chamacos%21%20%F0%9F%91%8B%20Soy%20del%20Hotel%20El%20Encino%20de%20Santiago%2C%20N.L.%20Estamos%20creando%20un%20directorio%20tur%C3%ADstico%20gratuito%20para%20apoyar%20a%20los%20negocios%20locales%20del%20municipio.%20Me%20gustar%C3%ADa%20incluirlos%20con%20su%20informaci%C3%B3n%2C%20foto%20y%20ubicaci%C3%B3n%20en%20el%20mapa.%20%C2%BFLes%20interesa%3F%20%C2%A1Es%20completamente%20gratis%21%20%F0%9F%99%8F,pendiente,,si,+52 81 8266 2514,,Monday: 8:00 AM – 8:00 PM | Tuesday: 8:00 AM – 8:00 PM | Wednesday: 8:00 AM – 8:00 PM,4.7,21
Los FIerros,automotriz,Gasolineras & Mecánicos,,,,,25.365909,-100.103526,,pendiente,,si,,,,,
Martha Salazar,tiendas,Tiendas & Artesanías,+52 81 2285 1337,,,,25.364556,-100.103118,https://wa.me/528122851337?text=Hola%2C%20Martha%20Salazar%21%20%F0%9F%91%8B%20Soy%20del%20Hotel%20El%20Encino%20de%20Santiago%2C%20N.L.%20Estamos%20creando%20un%20directorio%20tur%C3%ADstico%20gratuito%20para%20apoyar%20a%20los%20negocios%20locales%20del%20municipio.%20Me%20gustar%C3%ADa%20incluirlos%20con%20su%20informaci%C3%B3n%2C%20foto%20y%20ubicaci%C3%B3n%20en%20el%20mapa.%20%C2%BFLes%20interesa%3F%20%C2%A1Es%20completamente%20gratis%21%20%F0%9F%99%8F,pendiente,,si,+52 81 2285 1337,https://marthasalazar.mx/,Monday: 10:00 AM – 7:00 PM | Tuesday: 10:00 AM – 7:00 PM | Wednesday: 10:00 AM – 7:00 PM,4.6,108
Merendero Tino,restaurantes,Restaurantes,+52 81 2878 4068,https://www.facebook.com/MerenderoTino,,,25.461234,-100.171007,https://wa.me/528128784068?text=Hola%2C%20Merendero%20Tino%21%20%F0%9F%91%8B%20Soy%20del%20Hotel%20El%20Encino%20de%20Santiago%2C%20N.L.%20Estamos%20creando%20un%20directorio%20tur%C3%ADstico%20gratuito%20para%20apoyar%20a%20los%20negocios%20locales%20del%20municipio.%20Me%20gustar%C3%ADa%20incluirlos%20con%20su%20informaci%C3%B3n%2C%20foto%20y%20ubicaci%C3%B3n%20en%20el%20mapa.%20%C2%BFLes%20interesa%3F%20%C2%A1Es%20completamente%20gratis%21%20%F0%9F%99%8F,pendiente,,si,+52 81 2878 4068,http://www.merenderotino.mx/,Monday: 7:30 AM – 8:30 PM | Tuesday: 7:30 AM – 8:30 PM | Wednesday: 7:30 AM – 8:30 PM,4.6,6439
OXXO,tiendas,Tiendas & Artesanías,+52 81 8320 2020,,,,25.479638,-100.179003,https://wa.me/528183202020?text=Hola%2C%20OXXO%21%20%F0%9F%91%8B%20Soy%20del%20Hotel%20El%20Encino%20de%20Santiago%2C%20N.L.%20Estamos%20creando%20un%20directorio%20tur%C3%ADstico%20gratuito%20para%20apoyar%20a%20los%20negocios%20locales%20del%20municipio.%20Me%20gustar%C3%ADa%20incluirlos%20con%20su%20informaci%C3%B3n%2C%20foto%20y%20ubicaci%C3%B3n%20en%20el%20mapa.%20%C2%BFLes%20interesa%3F%20%C2%A1Es%20completamente%20gratis%21%20%F0%9F%99%8F,pendiente,,si,+52 81 8320 2020,https://www.oxxo.com/?utm_source=google&utm_medium=organic&utm_campaign=gbp,Monday: Open 24 hours | Tuesday: Open 24 hours | Wednesday: Open 24 hours,3.5,26
Oxxo,tiendas,Tiendas & Artesanías,+52 81 8320 2020,https://www.oxxo.com/tiendas?cr=50XVS,,,25.430932,-100.152784,https://wa.me/528183202020?text=Hola%2C%20Oxxo%21%20%F0%9F%91%8B%20Soy%20del%20Hotel%20El%20Encino%20de%20Santiago%2C%20N.L.%20Estamos%20creando%20un%20directorio%20tur%C3%ADstico%20gratuito%20para%20apoyar%20a%20los%20negocios%20locales%20del%20municipio.%20Me%20gustar%C3%ADa%20incluirlos%20con%20su%20informaci%C3%B3n%2C%20foto%20y%20ubicaci%C3%B3n%20en%20el%20mapa.%20%C2%BFLes%20interesa%3F%20%C2%A1Es%20completamente%20gratis%21%20%F0%9F%99%8F,pendiente,,si,+52 81 8320 2020,https://www.oxxo.com/?utm_source=google&utm_medium=organic&utm_campaign=gbp,Monday: Open 24 hours | Tuesday: Open 24 hours | Wednesday: Open 24 hours,4.5,21
Oxxo,tiendas,Tiendas & Artesanías,+52 81 8320 2020,https://www.oxxo.com/tiendas?cr=50WXI,,,25.451087,-100.162067,https://wa.me/528183202020?text=Hola%2C%20Oxxo%21%20%F0%9F%91%8B%20Soy%20del%20Hotel%20El%20Encino%20de%20Santiago%2C%20N.L.%20Estamos%20creando%20un%20directorio%20tur%C3%ADstico%20gratuito%20para%20apoyar%20a%20los%20negocios%20locales%20del%20municipio.%20Me%20gustar%C3%ADa%20incluirlos%20con%20su%20informaci%C3%B3n%2C%20foto%20y%20ubicaci%C3%B3n%20en%20el%20mapa.%20%C2%BFLes%20interesa%3F%20%C2%A1Es%20completamente%20gratis%21%20%F0%9F%99%8F,pendiente,,si,+52 81 8320 2020,https://www.oxxo.com/?utm_source=google&utm_medium=organic&utm_campaign=gbp,Monday: Open 24 hours | Tuesday: Open 24 hours | Wednesday: Open 24 hours,4.3,54
Oxxo,tiendas,Tiendas & Artesanías,+52 81 8320 2020,https://www.oxxo.com/tiendas?cr=50OCN,,,25.422669,-100.147047,https://wa.me/528183202020?text=Hola%2C%20Oxxo%21%20%F0%9F%91%8B%20Soy%20del%20Hotel%20El%20Encino%20de%20Santiago%2C%20N.L.%20Estamos%20creando%20un%20directorio%20tur%C3%ADstico%20gratuito%20para%20apoyar%20a%20los%20negocios%20locales%20del%20municipio.%20Me%20gustar%C3%ADa%20incluirlos%20con%20su%20informaci%C3%B3n%2C%20foto%20y%20ubicaci%C3%B3n%20en%20el%20mapa.%20%C2%BFLes%20interesa%3F%20%C2%A1Es%20completamente%20gratis%21%20%F0%9F%99%8F,pendiente,,si,+52 81 8320 2020,https://www.oxxo.com/?utm_source=google&utm_medium=organic&utm_campaign=gbp,Monday: Open 24 hours | Tuesday: Open 24 hours | Wednesday: Open 24 hours,2.6,7
Oxxo,tiendas,Tiendas & Artesanías,+52 81 8320 2020,https://www.oxxo.com/tiendas?cr=50MCE,,,25.405479,-100.133678,https://wa.me/528183202020?text=Hola%2C%20Oxxo%21%20%F0%9F%91%8B%20Soy%20del%20Hotel%20El%20Encino%20de%20Santiago%2C%20N.L.%20Estamos%20creando%20un%20directorio%20tur%C3%ADstico%20gratuito%20para%20apoyar%20a%20los%20negocios%20locales%20del%20municipio.%20Me%20gustar%C3%ADa%20incluirlos%20con%20su%20informaci%C3%B3n%2C%20foto%20y%20ubicaci%C3%B3n%20en%20el%20mapa.%20%C2%BFLes%20interesa%3F%20%C2%A1Es%20completamente%20gratis%21%20%F0%9F%99%8F,pendiente,,si,+52 81 8320 2020,https://www.oxxo.com/?utm_source=google&utm_medium=organic&utm_campaign=gbp,Monday: Open 24 hours | Tuesday: Open 24 hours | Wednesday: Open 24 hours,4.3,92
Oxxo,tiendas,Tiendas & Artesanías,+52 81 8320 2020,https://www.oxxo.com/tiendas?cr=50CRC,,,25.40519,-100.134109,https://wa.me/528183202020?text=Hola%2C%20Oxxo%21%20%F0%9F%91%8B%20Soy%20del%20Hotel%20El%20Encino%20de%20Santiago%2C%20N.L.%20Estamos%20creando%20un%20directorio%20tur%C3%ADstico%20gratuito%20para%20apoyar%20a%20los%20negocios%20locales%20del%20municipio.%20Me%20gustar%C3%ADa%20incluirlos%20con%20su%20informaci%C3%B3n%2C%20foto%20y%20ubicaci%C3%B3n%20en%20el%20mapa.%20%C2%BFLes%20interesa%3F%20%C2%A1Es%20completamente%20gratis%21%20%F0%9F%99%8F,pendiente,,si,+52 81 8320 2020,https://www.oxxo.com/?utm_source=google&utm_medium=organic&utm_campaign=gbp,Monday: Open 24 hours | Tuesday: Open 24 hours | Wednesday: Open 24 hours,4.3,92
Oxxo,tiendas,Tiendas & Artesanías,+52 81 8320 2020,https://www.oxxo.com/tiendas?cr=50CPO,,,25.38056,-100.148725,https://wa.me/528183202020?text=Hola%2C%20Oxxo%21%20%F0%9F%91%8B%20Soy%20del%20Hotel%20El%20Encino%20de%20Santiago%2C%20N.L.%20Estamos%20creando%20un%20directorio%20tur%C3%ADstico%20gratuito%20para%20apoyar%20a%20los%20negocios%20locales%20del%20municipio.%20Me%20gustar%C3%ADa%20incluirlos%20con%20su%20informaci%C3%B3n%2C%20foto%20y%20ubicaci%C3%B3n%20en%20el%20mapa.%20%C2%BFLes%20interesa%3F%20%C2%A1Es%20completamente%20gratis%21%20%F0%9F%99%8F,pendiente,,si,+52 81 8320 2020,https://www.oxxo.com/?utm_source=google&utm_medium=organic&utm_campaign=gbp,Monday: Open 24 hours | Tuesday: Open 24 hours | Wednesday: Open 24 hours,4.1,44
Oxxo,tiendas,Tiendas & Artesanías,+52 81 8320 2020,https://www.oxxo.com/tiendas?cr=50CDC,,,25.396848,-100.134496,https://wa.me/528183202020?text=Hola%2C%20Oxxo%21%20%F0%9F%91%8B%20Soy%20del%20Hotel%20El%20Encino%20de%20Santiago%2C%20N.L.%20Estamos%20creando%20un%20directorio%20tur%C3%ADstico%20gratuito%20para%20apoyar%20a%20los%20negocios%20locales%20del%20municipio.%20Me%20gustar%C3%ADa%20incluirlos%20con%20su%20informaci%C3%B3n%2C%20foto%20y%20ubicaci%C3%B3n%20en%20el%20mapa.%20%C2%BFLes%20interesa%3F%20%C2%A1Es%20completamente%20gratis%21%20%F0%9F%99%8F,pendiente,,si,+52 81 8320 2020,https://www.oxxo.com/?utm_source=google&utm_medium=organic&utm_campaign=gbp,Monday: Open 24 hours | Tuesday: Open 24 hours | Wednesday: Open 24 hours,4.3,92
Oxxo,tiendas,Tiendas & Artesanías,+52 81 8320 2020,https://www.oxxo.com/tiendas?cr=50FIR,,,25.364247,-100.101999,https://wa.me/528183202020?text=Hola%2C%20Oxxo%21%20%F0%9F%91%8B%20Soy%20del%20Hotel%20El%20Encino%20de%20Santiago%2C%20N.L.%20Estamos%20creando%20un%20directorio%20tur%C3%ADstico%20gratuito%20para%20apoyar%20a%20los%20negocios%20locales%20del%20municipio.%20Me%20gustar%C3%ADa%20incluirlos%20con%20su%20informaci%C3%B3n%2C%20foto%20y%20ubicaci%C3%B3n%20en%20el%20mapa.%20%C2%BFLes%20interesa%3F%20%C2%A1Es%20completamente%20gratis%21%20%F0%9F%99%8F,pendiente,,si,+52 81 8320 2020,https://www.oxxo.com/?utm_source=google&utm_medium=organic&utm_campaign=gbp,Monday: Open 24 hours | Tuesday: Open 24 hours | Wednesday: Open 24 hours,4,71
Oxxo,tiendas,Tiendas & Artesanías,+52 81 8320 2020,https://www.oxxo.com/tiendas?cr=50LMI,,,25.50907,-100.194402,https://wa.me/528183202020?text=Hola%2C%20Oxxo%21%20%F0%9F%91%8B%20Soy%20del%20Hotel%20El%20Encino%20de%20Santiago%2C%20N.L.%20Estamos%20creando%20un%20directorio%20tur%C3%ADstico%20gratuito%20para%20apoyar%20a%20los%20negocios%20locales%20del%20municipio.%20Me%20gustar%C3%ADa%20incluirlos%20con%20su%20informaci%C3%B3n%2C%20foto%20y%20ubicaci%C3%B3n%20en%20el%20mapa.%20%C2%BFLes%20interesa%3F%20%C2%A1Es%20completamente%20gratis%21%20%F0%9F%99%8F,pendiente,,si,+52 81 8320 2020,https://www.oxxo.com/?utm_source=google&utm_medium=organic&utm_campaign=gbp,Monday: Open 24 hours | Tuesday: Open 24 hours | Wednesday: Open 24 hours,3.8,8
Oxxo,automotriz,Gasolineras & Mecánicos,+52 81 8320 2020,,,,25.509028,-100.194396,https://wa.me/528183202020?text=Hola%2C%20Oxxo%21%20%F0%9F%91%8B%20Soy%20del%20Hotel%20El%20Encino%20de%20Santiago%2C%20N.L.%20Estamos%20creando%20un%20directorio%20tur%C3%ADstico%20gratuito%20para%20apoyar%20a%20los%20negocios%20locales%20del%20municipio.%20Me%20gustar%C3%ADa%20incluirlos%20con%20su%20informaci%C3%B3n%2C%20foto%20y%20ubicaci%C3%B3n%20en%20el%20mapa.%20%C2%BFLes%20interesa%3F%20%C2%A1Es%20completamente%20gratis%21%20%F0%9F%99%8F,pendiente,,si,+52 81 8320 2020,https://www.oxxo.com/?utm_source=google&utm_medium=organic&utm_campaign=gbp,Monday: Open 24 hours | Tuesday: Open 24 hours | Wednesday: Open 24 hours,2.9,8
Oxxo,tiendas,Tiendas & Artesanías,,https://www.oxxo.com/tiendas?cr=50YYO,,,25.495062,-100.187752,,pendiente,,si,,https://www.oxxo.com/,,1,1
OXXO,tiendas,Tiendas & Artesanías,+52 81 8320 2020,,,,25.413943,-100.140555,https://wa.me/528183202020?text=Hola%2C%20OXXO%21%20%F0%9F%91%8B%20Soy%20del%20Hotel%20El%20Encino%20de%20Santiago%2C%20N.L.%20Estamos%20creando%20un%20directorio%20tur%C3%ADstico%20gratuito%20para%20apoyar%20a%20los%20negocios%20locales%20del%20municipio.%20Me%20gustar%C3%ADa%20incluirlos%20con%20su%20informaci%C3%B3n%2C%20foto%20y%20ubicaci%C3%B3n%20en%20el%20mapa.%20%C2%BFLes%20interesa%3F%20%C2%A1Es%20completamente%20gratis%21%20%F0%9F%99%8F,pendiente,,si,+52 81 8320 2020,https://www.oxxo.com/?utm_source=google&utm_medium=organic&utm_campaign=gbp,Monday: Open 24 hours | Tuesday: Open 24 hours | Wednesday: Open 24 hours,4.3,92
OXXO,tiendas,Tiendas & Artesanías,+52 81 8320 2020,,,,25.364229,-100.102008,https://wa.me/528183202020?text=Hola%2C%20OXXO%21%20%F0%9F%91%8B%20Soy%20del%20Hotel%20El%20Encino%20de%20Santiago%2C%20N.L.%20Estamos%20creando%20un%20directorio%20tur%C3%ADstico%20gratuito%20para%20apoyar%20a%20los%20negocios%20locales%20del%20municipio.%20Me%20gustar%C3%ADa%20incluirlos%20con%20su%20informaci%C3%B3n%2C%20foto%20y%20ubicaci%C3%B3n%20en%20el%20mapa.%20%C2%BFLes%20interesa%3F%20%C2%A1Es%20completamente%20gratis%21%20%F0%9F%99%8F,pendiente,,si,+52 81 8320 2020,https://www.oxxo.com/?utm_source=google&utm_medium=organic&utm_campaign=gbp,Monday: Open 24 hours | Tuesday: Open 24 hours | Wednesday: Open 24 hours,4,71
Oxxo gas,automotriz,Gasolineras & Mecánicos,+52 800 699 6427,,,,25.413699,-100.140432,https://wa.me/528006996427?text=Hola%2C%20Oxxo%20gas%21%20%F0%9F%91%8B%20Soy%20del%20Hotel%20El%20Encino%20de%20Santiago%2C%20N.L.%20Estamos%20creando%20un%20directorio%20tur%C3%ADstico%20gratuito%20para%20apoyar%20a%20los%20negocios%20locales%20del%20municipio.%20Me%20gustar%C3%ADa%20incluirlos%20con%20su%20informaci%C3%B3n%2C%20foto%20y%20ubicaci%C3%B3n%20en%20el%20mapa.%20%C2%BFLes%20interesa%3F%20%C2%A1Es%20completamente%20gratis%21%20%F0%9F%99%8F,pendiente,,si,+52 800 699 6427,http://www.oxxogas.com/,Monday: Open 24 hours | Tuesday: Open 24 hours | Wednesday: Open 24 hours,4.1,11
Pemex,automotriz,Gasolineras & Mecánicos,+52 800 736 3900,,,,25.422598,-100.146876,https://wa.me/528007363900?text=Hola%2C%20Pemex%21%20%F0%9F%91%8B%20Soy%20del%20Hotel%20El%20Encino%20de%20Santiago%2C%20N.L.%20Estamos%20creando%20un%20directorio%20tur%C3%ADstico%20gratuito%20para%20apoyar%20a%20los%20negocios%20locales%20del%20municipio.%20Me%20gustar%C3%ADa%20incluirlos%20con%20su%20informaci%C3%B3n%2C%20foto%20y%20ubicaci%C3%B3n%20en%20el%20mapa.%20%C2%BFLes%20interesa%3F%20%C2%A1Es%20completamente%20gratis%21%20%F0%9F%99%8F,pendiente,,si,+52 800 736 3900,https://contactocombustible.pemex.com/,,3.2,5
Pemex,automotriz,Gasolineras & Mecánicos,+52 800 736 3900,,,,25.413663,-100.140246,https://wa.me/528007363900?text=Hola%2C%20Pemex%21%20%F0%9F%91%8B%20Soy%20del%20Hotel%20El%20Encino%20de%20Santiago%2C%20N.L.%20Estamos%20creando%20un%20directorio%20tur%C3%ADstico%20gratuito%20para%20apoyar%20a%20los%20negocios%20locales%20del%20municipio.%20Me%20gustar%C3%ADa%20incluirlos%20con%20su%20informaci%C3%B3n%2C%20foto%20y%20ubicaci%C3%B3n%20en%20el%20mapa.%20%C2%BFLes%20interesa%3F%20%C2%A1Es%20completamente%20gratis%21%20%F0%9F%99%8F,pendiente,,si,+52 800 736 3900,https://contactocombustible.pemex.com/,,3.2,5
Posada de Colores,hospedaje,Hospedaje,+528122850635,https://www.posadadecolores.com/,posadadecolores@hotmail.com,Calle Miguel Hidalgo 100,25.426737,-100.152973,https://wa.me/528115776043?text=Hola%2C%20Posada%20de%20Colores%21%20%F0%9F%91%8B%20Soy%20del%20Hotel%20El%20Encino%20de%20Santiago%2C%20N.L.%20Estamos%20creando%20un%20directorio%20tur%C3%ADstico%20gratuito%20para%20apoyar%20a%20los%20negocios%20locales%20del%20municipio.%20Me%20gustar%C3%ADa%20incluirlos%20con%20su%20informaci%C3%B3n%2C%20foto%20y%20ubicaci%C3%B3n%20en%20el%20mapa.%20%C2%BFLes%20interesa%3F%20%C2%A1Es%20completamente%20gratis%21%20%F0%9F%99%8F,pendiente,,si,+52 81 1577 6043,https://www.posadadecolores.com/,,4.2,339
Primo Lalo,restaurantes,Restaurantes,+52 81 2172 1540,,,,25.452756,-100.164092,https://wa.me/528121721540?text=Hola%2C%20Primo%20Lalo%21%20%F0%9F%91%8B%20Soy%20del%20Hotel%20El%20Encino%20de%20Santiago%2C%20N.L.%20Estamos%20creando%20un%20directorio%20tur%C3%ADstico%20gratuito%20para%20apoyar%20a%20los%20negocios%20locales%20del%20municipio.%20Me%20gustar%C3%ADa%20incluirlos%20con%20su%20informaci%C3%B3n%2C%20foto%20y%20ubicaci%C3%B3n%20en%20el%20mapa.%20%C2%BFLes%20interesa%3F%20%C2%A1Es%20completamente%20gratis%21%20%F0%9F%99%8F,pendiente,,si,+52 81 2172 1540,,,3.9,131
Restaurant Garcia G.,restaurantes,Restaurantes,+528182661300,https://www.restaurantgarcia.com/,,"Carretera Nacional Mex 85 Km. 258.5, El Ranchito Santiago, Nuevo León, Mexico",25.488691,-100.184516,https://wa.me/528182661300?text=Hola%2C%20Restaurant%20Garcia%20G.%21%20%F0%9F%91%8B%20Soy%20del%20Hotel%20El%20Encino%20de%20Santiago%2C%20N.L.%20Estamos%20creando%20un%20directorio%20tur%C3%ADstico%20gratuito%20para%20apoyar%20a%20los%20negocios%20locales%20del%20municipio.%20Me%20gustar%C3%ADa%20incluirlos%20con%20su%20informaci%C3%B3n%2C%20foto%20y%20ubicaci%C3%B3n%20en%20el%20mapa.%20%C2%BFLes%20interesa%3F%20%C2%A1Es%20completamente%20gratis%21%20%F0%9F%99%8F,pendiente,,si,+52 81 8266 1300,http://www.restaurantgarcia.com/,Monday: 7:00 AM – 8:00 PM | Tuesday: 7:00 AM – 8:00 PM | Wednesday: 7:00 AM – 8:00 PM,4.3,1745
S-Mart,tiendas,Tiendas & Artesanías,+52 81 2285 5958,,,,25.430384,-100.151858,https://wa.me/528122855958?text=Hola%2C%20S-Mart%21%20%F0%9F%91%8B%20Soy%20del%20Hotel%20El%20Encino%20de%20Santiago%2C%20N.L.%20Estamos%20creando%20un%20directorio%20tur%C3%ADstico%20gratuito%20para%20apoyar%20a%20los%20negocios%20locales%20del%20municipio.%20Me%20gustar%C3%ADa%20incluirlos%20con%20su%20informaci%C3%B3n%2C%20foto%20y%20ubicaci%C3%B3n%20en%20el%20mapa.%20%C2%BFLes%20interesa%3F%20%C2%A1Es%20completamente%20gratis%21%20%F0%9F%99%8F,pendiente,,si,+52 81 2285 5958,http://www.supermercadossmart.com/,Monday: Open 24 hours | Tuesday: Open 24 hours | Wednesday: Open 24 hours,4.3,2642
Santander,bancos,Bancos & ATMs,,,,,25.398824,-100.130653,,pendiente,,si,,,Monday: 9:00 AM – 4:00 PM | Tuesday: 9:00 AM – 4:00 PM | Wednesday: 9:00 AM – 4:00 PM,3.7,6
Soriana Santiago,tiendas,Tiendas & Artesanías,+52 81 1818 5906,,,,25.42447,-100.149164,https://wa.me/528118185906?text=Hola%2C%20Soriana%20Santiago%21%20%F0%9F%91%8B%20Soy%20del%20Hotel%20El%20Encino%20de%20Santiago%2C%20N.L.%20Estamos%20creando%20un%20directorio%20tur%C3%ADstico%20gratuito%20para%20apoyar%20a%20los%20negocios%20locales%20del%20municipio.%20Me%20gustar%C3%ADa%20incluirlos%20con%20su%20informaci%C3%B3n%2C%20foto%20y%20ubicaci%C3%B3n%20en%20el%20mapa.%20%C2%BFLes%20interesa%3F%20%C2%A1Es%20completamente%20gratis%21%20%F0%9F%99%8F,pendiente,,si,+52 81 1818 5906,https://www.soriana.com/,Monday: 7:00 AM – 10:00 PM | Tuesday: 7:00 AM – 10:00 PM | Wednesday: 7:00 AM – 10:00 PM,3.9,896
Tacos Isidro's,restaurantes,Restaurantes,+52 81 2285 5892,,,,25.403628,-100.132826,https://wa.me/528122855892?text=Hola%2C%20Tacos%20Isidro%27s%21%20%F0%9F%91%8B%20Soy%20del%20Hotel%20El%20Encino%20de%20Santiago%2C%20N.L.%20Estamos%20creando%20un%20directorio%20tur%C3%ADstico%20gratuito%20para%20apoyar%20a%20los%20negocios%20locales%20del%20municipio.%20Me%20gustar%C3%ADa%20incluirlos%20con%20su%20informaci%C3%B3n%2C%20foto%20y%20ubicaci%C3%B3n%20en%20el%20mapa.%20%C2%BFLes%20interesa%3F%20%C2%A1Es%20completamente%20gratis%21%20%F0%9F%99%8F,pendiente,,si,+52 81 2285 5892,,Monday: Open 24 hours | Tuesday: Open 24 hours | Wednesday: Open 24 hours,4.6,1872
Tacos Reyes,restaurantes,Restaurantes,+528117364163,,,,25.399199,-100.131001,https://wa.me/528114099510?text=Hola%2C%20Tacos%20Reyes%21%20%F0%9F%91%8B%20Soy%20del%20Hotel%20El%20Encino%20de%20Santiago%2C%20N.L.%20Estamos%20creando%20un%20directorio%20tur%C3%ADstico%20gratuito%20para%20apoyar%20a%20los%20negocios%20locales%20del%20municipio.%20Me%20gustar%C3%ADa%20incluirlos%20con%20su%20informaci%C3%B3n%2C%20foto%20y%20ubicaci%C3%B3n%20en%20el%20mapa.%20%C2%BFLes%20interesa%3F%20%C2%A1Es%20completamente%20gratis%21%20%F0%9F%99%8F,pendiente,,si,+52 81 1409 9510,,Monday: 7:59 AM – 3:59 PM | Tuesday: 7:59 AM – 3:59 PM | Wednesday: 7:59 AM – 3:59 PM,4.7,714
Tio Poncho,restaurantes,Restaurantes,+52 81 1237 2636,,,,25.452426,-100.163869,https://wa.me/528112372636?text=Hola%2C%20Tio%20Poncho%21%20%F0%9F%91%8B%20Soy%20del%20Hotel%20El%20Encino%20de%20Santiago%2C%20N.L.%20Estamos%20creando%20un%20directorio%20tur%C3%ADstico%20gratuito%20para%20apoyar%20a%20los%20negocios%20locales%20del%20municipio.%20Me%20gustar%C3%ADa%20incluirlos%20con%20su%20informaci%C3%B3n%2C%20foto%20y%20ubicaci%C3%B3n%20en%20el%20mapa.%20%C2%BFLes%20interesa%3F%20%C2%A1Es%20completamente%20gratis%21%20%F0%9F%99%8F,pendiente,,si,+52 81 1237 2636,,Monday: 10:00 AM – 7:00 PM | Tuesday: 10:00 AM – 7:00 PM | Wednesday: 10:00 AM – 7:00 PM,4.5,5611
Udini,restaurantes,Restaurantes,+52 81 2450 2953,,,,25.364242,-100.103727,https://wa.me/528124502953?text=Hola%2C%20Udini%21%20%F0%9F%91%8B%20Soy%20del%20Hotel%20El%20Encino%20de%20Santiago%2C%20N.L.%20Estamos%20creando%20un%20directorio%20tur%C3%ADstico%20gratuito%20para%20apoyar%20a%20los%20negocios%20locales%20del%20municipio.%20Me%20gustar%C3%ADa%20incluirlos%20con%20su%20informaci%C3%B3n%2C%20foto%20y%20ubicaci%C3%B3n%20en%20el%20mapa.%20%C2%BFLes%20interesa%3F%20%C2%A1Es%20completamente%20gratis%21%20%F0%9F%99%8F,pendiente,,si,+52 81 2450 2953,http://udini.com.mx/?utm_source=gmb&utm_medium=referral,Monday: 2:00 – 10:00 PM | Tuesday: 2:00 – 11:00 PM | Wednesday: 2:00 – 10:00 PM,4.6,1096
Vulka 24 Horas Santiago 1,automotriz,Gasolineras & Mecánicos,+52 81 3485 9029,https://www.vulka24horas.com,,,25.419202,-100.143683,https://wa.me/528134859029?text=Hola%2C%20Vulka%2024%20Horas%20Santiago%201%21%20%F0%9F%91%8B%20Soy%20del%20Hotel%20El%20Encino%20de%20Santiago%2C%20N.L.%20Estamos%20creando%20un%20directorio%20tur%C3%ADstico%20gratuito%20para%20apoyar%20a%20los%20negocios%20locales%20del%20municipio.%20Me%20gustar%C3%ADa%20incluirlos%20con%20su%20informaci%C3%B3n%2C%20foto%20y%20ubicaci%C3%B3n%20en%20el%20mapa.%20%C2%BFLes%20interesa%3F%20%C2%A1Es%20completamente%20gratis%21%20%F0%9F%99%8F,pendiente,,si,+52 81 3485 9029,,Monday: Open 24 hours | Tuesday: Open 24 hours | Wednesday: Open 24 hours,3.8,69
Vulka 24 Horas Santiago 2,automotriz,Gasolineras & Mecánicos,+52 81 3485 9029,,,,25.412451,-100.140312,https://wa.me/528134859029?text=Hola%2C%20Vulka%2024%20Horas%20Santiago%202%21%20%F0%9F%91%8B%20Soy%20del%20Hotel%20El%20Encino%20de%20Santiago%2C%20N.L.%20Estamos%20creando%20un%20directorio%20tur%C3%ADstico%20gratuito%20para%20apoyar%20a%20los%20negocios%20locales%20del%20municipio.%20Me%20gustar%C3%ADa%20incluirlos%20con%20su%20informaci%C3%B3n%2C%20foto%20y%20ubicaci%C3%B3n%20en%20el%20mapa.%20%C2%BFLes%20interesa%3F%20%C2%A1Es%20completamente%20gratis%21%20%F0%9F%99%8F,pendiente,,si,+52 81 3485 9029,,Monday: Open 24 hours | Tuesday: Open 24 hours | Wednesday: Open 24 hours,3.5,15
